{
    "loss": 0.5408589839935303,
    "accuracy": 0.9224137663841248
}