{
    "loss": 0.5059584975242615,
    "accuracy": 0.9396551847457886
}